{"x":7.458181858062744,"y":2.391639232635498,"z":0.0}