{"x":14.302623748779297,"y":-17.15962028503418,"z":0.0}