{"x":-25.799999237060548,"y":-19.700000762939454,"z":0.0}