{"x":-5.801711559295654,"y":-18.343847274780275,"z":0.0}