{"x":-28.09000015258789,"y":-21.579999923706056,"z":0.0}